{"cameraMode":{"drawMode":0,"name":"Shaded","section":"Shading Mode"},"sceneLighting":true,"audioPlay":false,"sceneViewState":{"m_AlwaysRefresh":false,"showFog":true,"showSkybox":true,"showFlares":true,"showImageEffects":true,"showParticleSystems":true,"showVisualEffectGraphs":true,"m_FxEnabled":true},"in2DMode":false,"pivot":{"x":0.4329957962036133,"y":0.20856726169586183,"z":-2.5884861946105959},"rotation":{"x":-0.11270337551832199,"y":0.4213676154613495,"z":-0.05286508798599243,"w":-0.8983075618743897},"size":3.5043396949768068,"orthographic":false}