{"cameraMode":{"drawMode":0,"name":"Shaded","section":"Shading Mode"},"sceneLighting":true,"audioPlay":false,"sceneViewState":{"m_AlwaysRefresh":false,"showFog":true,"showSkybox":true,"showFlares":true,"showImageEffects":true,"showParticleSystems":true,"showVisualEffectGraphs":true,"m_FxEnabled":true},"in2DMode":false,"pivot":{"x":290.20477294921877,"y":5.058256149291992,"z":3202.28369140625},"rotation":{"x":0.08244767040014267,"y":0.022430384531617166,"z":-0.014632794074714184,"w":0.9970028400421143},"size":3.8348026275634767,"orthographic":false}