{"cameraMode":{"drawMode":0,"name":"Shaded","section":"Shading Mode"},"sceneLighting":true,"audioPlay":false,"sceneViewState":{"m_AlwaysRefresh":false,"showFog":true,"showSkybox":true,"showFlares":true,"showImageEffects":true,"showParticleSystems":true,"showVisualEffectGraphs":true,"m_FxEnabled":true},"in2DMode":false,"pivot":{"x":3.4961392879486086,"y":1.7801897525787354,"z":-5.602590084075928},"rotation":{"x":-0.43091267347335818,"y":0.2865115702152252,"z":-0.14644192159175874,"w":-0.8430835008621216},"size":0.5503374338150024,"orthographic":false}