{"cameraMode":{"drawMode":0,"name":"Shaded","section":"Shading Mode"},"sceneLighting":true,"audioPlay":false,"sceneViewState":{"m_AlwaysRefresh":false,"showFog":true,"showSkybox":true,"showFlares":true,"showImageEffects":true,"showParticleSystems":true,"showVisualEffectGraphs":true,"m_FxEnabled":true},"in2DMode":false,"pivot":{"x":-8.974641799926758,"y":-0.41187191009521487,"z":-9.628007888793946},"rotation":{"x":0.11400046944618225,"y":-0.4689505100250244,"z":0.06030847877264023,"w":0.8739261627197266},"size":21.526025772094728,"orthographic":false}