{"cameraMode":{"drawMode":0,"name":"Shaded","section":"Shading Mode"},"sceneLighting":true,"audioPlay":false,"sceneViewState":{"m_AlwaysRefresh":false,"showFog":true,"showSkybox":true,"showFlares":true,"showImageEffects":true,"showParticleSystems":true,"showVisualEffectGraphs":true,"m_FxEnabled":true},"in2DMode":false,"pivot":{"x":950.7020263671875,"y":538.6478271484375,"z":6.126518249511719},"rotation":{"x":0.00015508254000451416,"y":0.9967491626739502,"z":-0.045422326773405078,"w":0.0727943629026413},"size":31.665531158447267,"orthographic":false}