{"cameraMode":{"drawMode":0,"name":"Shaded","section":"Shading Mode"},"sceneLighting":true,"audioPlay":false,"sceneViewState":{"m_AlwaysRefresh":false,"showFog":true,"showSkybox":true,"showFlares":true,"showImageEffects":true,"showParticleSystems":true,"showVisualEffectGraphs":true,"m_FxEnabled":true},"in2DMode":false,"pivot":{"x":943.8033447265625,"y":542.9776000976563,"z":61.428165435791019},"rotation":{"x":-0.06753130257129669,"y":-0.03947148099541664,"z":0.007786807604134083,"w":-0.9973788261413574},"size":0.8727970123291016,"orthographic":false}