{"cameraMode":{"drawMode":0,"name":"Shaded","section":"Shading Mode"},"sceneLighting":true,"audioPlay":false,"sceneViewState":{"m_AlwaysRefresh":false,"showFog":true,"showSkybox":true,"showFlares":true,"showImageEffects":true,"showParticleSystems":true,"showVisualEffectGraphs":true,"m_FxEnabled":true},"in2DMode":false,"pivot":{"x":941.476318359375,"y":540.650634765625,"z":50.69284439086914},"rotation":{"x":0.0010140660451725126,"y":-0.9952310919761658,"z":0.10071595758199692,"w":-0.016882507130503656},"size":12.042170524597168,"orthographic":false}