{"cameraMode":{"drawMode":0,"name":"Shaded","section":"Shading Mode"},"sceneLighting":true,"audioPlay":false,"sceneViewState":{"m_AlwaysRefresh":false,"showFog":true,"showSkybox":true,"showFlares":true,"showImageEffects":true,"showParticleSystems":true,"showVisualEffectGraphs":true,"m_FxEnabled":true},"in2DMode":false,"pivot":{"x":31.779104232788087,"y":3.100208282470703,"z":14.396818161010743},"rotation":{"x":0.052595436573028567,"y":-0.5269277095794678,"z":0.029781432822346689,"w":0.8499572277069092},"size":2.969048500061035,"orthographic":false}